label	roi_id	group	structure	hemisphere	source_atlas	source_label	role
1	C_L_001	C	cortex	L	Schaefer2018_100Parcels_7Networks	1	cortical
2	C_L_002	C	cortex	L	Schaefer2018_100Parcels_7Networks	2	cortical
3	C_L_003	C	cortex	L	Schaefer2018_100Parcels_7Networks	3	cortical
4	C_L_004	C	cortex	L	Schaefer2018_100Parcels_7Networks	4	cortical
5	C_L_005	C	cortex	L	Schaefer2018_100Parcels_7Networks	5	cortical
6	C_L_006	C	cortex	L	Schaefer2018_100Parcels_7Networks	6	cortical
7	C_L_007	C	cortex	L	Schaefer2018_100Parcels_7Networks	7	cortical
8	C_L_008	C	cortex	L	Schaefer2018_100Parcels_7Networks	8	cortical
9	C_L_009	C	cortex	L	Schaefer2018_100Parcels_7Networks	9	cortical
10	C_L_010	C	cortex	L	Schaefer2018_100Parcels_7Networks	10	cortical
11	C_L_011	C	cortex	L	Schaefer2018_100Parcels_7Networks	11	cortical
12	C_L_012	C	cortex	L	Schaefer2018_100Parcels_7Networks	12	cortical
13	C_L_013	C	cortex	L	Schaefer2018_100Parcels_7Networks	13	cortical
14	C_L_014	C	cortex	L	Schaefer2018_100Parcels_7Networks	14	cortical
15	C_L_015	C	cortex	L	Schaefer2018_100Parcels_7Networks	15	cortical
16	C_L_016	C	cortex	L	Schaefer2018_100Parcels_7Networks	16	cortical
17	C_L_017	C	cortex	L	Schaefer2018_100Parcels_7Networks	17	cortical
18	C_L_018	C	cortex	L	Schaefer2018_100Parcels_7Networks	18	cortical
19	C_L_019	C	cortex	L	Schaefer2018_100Parcels_7Networks	19	cortical
20	C_L_020	C	cortex	L	Schaefer2018_100Parcels_7Networks	20	cortical
21	C_L_021	C	cortex	L	Schaefer2018_100Parcels_7Networks	21	cortical
22	C_L_022	C	cortex	L	Schaefer2018_100Parcels_7Networks	22	cortical
23	C_L_023	C	cortex	L	Schaefer2018_100Parcels_7Networks	23	cortical
24	C_L_024	C	cortex	L	Schaefer2018_100Parcels_7Networks	24	cortical
25	C_L_025	C	cortex	L	Schaefer2018_100Parcels_7Networks	25	cortical
26	C_L_026	C	cortex	L	Schaefer2018_100Parcels_7Networks	26	cortical
27	C_L_027	C	cortex	L	Schaefer2018_100Parcels_7Networks	27	cortical
28	C_L_028	C	cortex	L	Schaefer2018_100Parcels_7Networks	28	cortical
29	C_L_029	C	cortex	L	Schaefer2018_100Parcels_7Networks	29	cortical
30	C_L_030	C	cortex	L	Schaefer2018_100Parcels_7Networks	30	cortical
31	C_L_031	C	cortex	L	Schaefer2018_100Parcels_7Networks	31	cortical
32	C_L_032	C	cortex	L	Schaefer2018_100Parcels_7Networks	32	cortical
33	C_L_033	C	cortex	L	Schaefer2018_100Parcels_7Networks	33	cortical
34	C_L_034	C	cortex	L	Schaefer2018_100Parcels_7Networks	34	cortical
35	C_L_035	C	cortex	L	Schaefer2018_100Parcels_7Networks	35	cortical
36	C_L_036	C	cortex	L	Schaefer2018_100Parcels_7Networks	36	cortical
37	C_L_037	C	cortex	L	Schaefer2018_100Parcels_7Networks	37	cortical
38	C_L_038	C	cortex	L	Schaefer2018_100Parcels_7Networks	38	cortical
39	C_L_039	C	cortex	L	Schaefer2018_100Parcels_7Networks	39	cortical
40	C_L_040	C	cortex	L	Schaefer2018_100Parcels_7Networks	40	cortical
41	C_L_041	C	cortex	L	Schaefer2018_100Parcels_7Networks	41	cortical
42	C_L_042	C	cortex	L	Schaefer2018_100Parcels_7Networks	42	cortical
43	C_L_043	C	cortex	L	Schaefer2018_100Parcels_7Networks	43	cortical
44	C_L_044	C	cortex	L	Schaefer2018_100Parcels_7Networks	44	cortical
45	C_L_045	C	cortex	L	Schaefer2018_100Parcels_7Networks	45	cortical
46	C_L_046	C	cortex	L	Schaefer2018_100Parcels_7Networks	46	cortical
47	C_L_047	C	cortex	L	Schaefer2018_100Parcels_7Networks	47	cortical
48	C_L_048	C	cortex	L	Schaefer2018_100Parcels_7Networks	48	cortical
49	C_L_049	C	cortex	L	Schaefer2018_100Parcels_7Networks	49	cortical
50	C_L_050	C	cortex	L	Schaefer2018_100Parcels_7Networks	50	cortical
51	C_R_001	C	cortex	R	Schaefer2018_100Parcels_7Networks	51	cortical
52	C_R_002	C	cortex	R	Schaefer2018_100Parcels_7Networks	52	cortical
53	C_R_003	C	cortex	R	Schaefer2018_100Parcels_7Networks	53	cortical
54	C_R_004	C	cortex	R	Schaefer2018_100Parcels_7Networks	54	cortical
55	C_R_005	C	cortex	R	Schaefer2018_100Parcels_7Networks	55	cortical
56	C_R_006	C	cortex	R	Schaefer2018_100Parcels_7Networks	56	cortical
57	C_R_007	C	cortex	R	Schaefer2018_100Parcels_7Networks	57	cortical
58	C_R_008	C	cortex	R	Schaefer2018_100Parcels_7Networks	58	cortical
59	C_R_009	C	cortex	R	Schaefer2018_100Parcels_7Networks	59	cortical
60	C_R_010	C	cortex	R	Schaefer2018_100Parcels_7Networks	60	cortical
61	C_R_011	C	cortex	R	Schaefer2018_100Parcels_7Networks	61	cortical
62	C_R_012	C	cortex	R	Schaefer2018_100Parcels_7Networks	62	cortical
63	C_R_013	C	cortex	R	Schaefer2018_100Parcels_7Networks	63	cortical
64	C_R_014	C	cortex	R	Schaefer2018_100Parcels_7Networks	64	cortical
65	C_R_015	C	cortex	R	Schaefer2018_100Parcels_7Networks	65	cortical
66	C_R_016	C	cortex	R	Schaefer2018_100Parcels_7Networks	66	cortical
67	C_R_017	C	cortex	R	Schaefer2018_100Parcels_7Networks	67	cortical
68	C_R_018	C	cortex	R	Schaefer2018_100Parcels_7Networks	68	cortical
69	C_R_019	C	cortex	R	Schaefer2018_100Parcels_7Networks	69	cortical
70	C_R_020	C	cortex	R	Schaefer2018_100Parcels_7Networks	70	cortical
71	C_R_021	C	cortex	R	Schaefer2018_100Parcels_7Networks	71	cortical
72	C_R_022	C	cortex	R	Schaefer2018_100Parcels_7Networks	72	cortical
73	C_R_023	C	cortex	R	Schaefer2018_100Parcels_7Networks	73	cortical
74	C_R_024	C	cortex	R	Schaefer2018_100Parcels_7Networks	74	cortical
75	C_R_025	C	cortex	R	Schaefer2018_100Parcels_7Networks	75	cortical
76	C_R_026	C	cortex	R	Schaefer2018_100Parcels_7Networks	76	cortical
77	C_R_027	C	cortex	R	Schaefer2018_100Parcels_7Networks	77	cortical
78	C_R_028	C	cortex	R	Schaefer2018_100Parcels_7Networks	78	cortical
79	C_R_029	C	cortex	R	Schaefer2018_100Parcels_7Networks	79	cortical
80	C_R_030	C	cortex	R	Schaefer2018_100Parcels_7Networks	80	cortical
81	C_R_031	C	cortex	R	Schaefer2018_100Parcels_7Networks	81	cortical
82	C_R_032	C	cortex	R	Schaefer2018_100Parcels_7Networks	82	cortical
83	C_R_033	C	cortex	R	Schaefer2018_100Parcels_7Networks	83	cortical
84	C_R_034	C	cortex	R	Schaefer2018_100Parcels_7Networks	84	cortical
85	C_R_035	C	cortex	R	Schaefer2018_100Parcels_7Networks	85	cortical
86	C_R_036	C	cortex	R	Schaefer2018_100Parcels_7Networks	86	cortical
87	C_R_037	C	cortex	R	Schaefer2018_100Parcels_7Networks	87	cortical
88	C_R_038	C	cortex	R	Schaefer2018_100Parcels_7Networks	88	cortical
89	C_R_039	C	cortex	R	Schaefer2018_100Parcels_7Networks	89	cortical
90	C_R_040	C	cortex	R	Schaefer2018_100Parcels_7Networks	90	cortical
91	C_R_041	C	cortex	R	Schaefer2018_100Parcels_7Networks	91	cortical
92	C_R_042	C	cortex	R	Schaefer2018_100Parcels_7Networks	92	cortical
93	C_R_043	C	cortex	R	Schaefer2018_100Parcels_7Networks	93	cortical
94	C_R_044	C	cortex	R	Schaefer2018_100Parcels_7Networks	94	cortical
95	C_R_045	C	cortex	R	Schaefer2018_100Parcels_7Networks	95	cortical
96	C_R_046	C	cortex	R	Schaefer2018_100Parcels_7Networks	96	cortical
97	C_R_047	C	cortex	R	Schaefer2018_100Parcels_7Networks	97	cortical
98	C_R_048	C	cortex	R	Schaefer2018_100Parcels_7Networks	98	cortical
99	C_R_049	C	cortex	R	Schaefer2018_100Parcels_7Networks	99	cortical
100	C_R_050	C	cortex	R	Schaefer2018_100Parcels_7Networks	100	cortical
101	S_L_PutVA	S	striatum	L	Tian2020_3T_S3	PUT-VA-lh	striatal
102	S_L_PutDA	S	striatum	L	Tian2020_3T_S3	PUT-DA-lh	striatal
103	S_L_PutVP	S	striatum	L	Tian2020_3T_S3	PUT-VP-lh	striatal
104	S_L_PutDP	S	striatum	L	Tian2020_3T_S3	PUT-DP-lh	striatal
105	S_L_CauVA	S	striatum	L	Tian2020_3T_S3	CAU-VA-lh	striatal
106	S_L_CauDA	S	striatum	L	Tian2020_3T_S3	CAU-DA-lh	striatal
107	S_L_CauBody	S	striatum	L	Tian2020_3T_S3	CAU-body-lh	striatal
108	S_L_CauTail	S	striatum	L	Tian2020_3T_S3	CAU-tail-lh	striatal
109	S_L_NAcShell	S	striatum	L	Tian2020_3T_S3	NAc-shell-lh	striatal
110	S_L_NAcCore	S	striatum	L	Tian2020_3T_S3	NAc-core-lh	striatal
111	S_R_PutVA	S	striatum	R	Tian2020_3T_S3	PUT-VA-rh	striatal
112	S_R_PutDA	S	striatum	R	Tian2020_3T_S3	PUT-DA-rh	striatal
113	S_R_PutVP	S	striatum	R	Tian2020_3T_S3	PUT-VP-rh	striatal
114	S_R_PutDP	S	striatum	R	Tian2020_3T_S3	PUT-DP-rh	striatal
115	S_R_CauVA	S	striatum	R	Tian2020_3T_S3	CAU-VA-rh	striatal
116	S_R_CauDA	S	striatum	R	Tian2020_3T_S3	CAU-DA-rh	striatal
117	S_R_CauBody	S	striatum	R	Tian2020_3T_S3	CAU-body-rh	striatal
118	S_R_CauTail	S	striatum	R	Tian2020_3T_S3	CAU-tail-rh	striatal
119	S_R_NAcShell	S	striatum	R	Tian2020_3T_S3	NAc-shell-rh	striatal
120	S_R_NAcCore	S	striatum	R	Tian2020_3T_S3	NAc-core-rh	striatal
121	Th_L_VAip	Th	thalamus	L	Tian2020_3T_S4	THA-VAip-lh	thalamic
122	Th_L_VAia	Th	thalamus	L	Tian2020_3T_S4	THA-VAia-lh	thalamic
123	Th_L_VPm	Th	thalamus	L	Tian2020_3T_S4	THA-VPm-lh	thalamic
124	Th_L_VPl	Th	thalamus	L	Tian2020_3T_S4	THA-VPl-lh	thalamic
125	Th_L_VAs	Th	thalamus	L	Tian2020_3T_S4	THA-VAs-lh	thalamic
126	Th_L_DAm	Th	thalamus	L	Tian2020_3T_S4	THA-DAm-lh	thalamic
127	Th_L_DAl	Th	thalamus	L	Tian2020_3T_S4	THA-DAl-lh	thalamic
128	Th_L_DP	Th	thalamus	L	Tian2020_3T_S4	THA-DP-lh	thalamic
129	A_L_Lat	A	amygdala	L	Tian2020_3T_S4	lAMY-lh	limbic_input
130	A_L_Med	A	amygdala	L	Tian2020_3T_S4	mAMY-lh	limbic_input
131	H_L_HeadM1	H	hippocampus	L	Tian2020_3T_S4	HIP-head-m1-lh	limbic_input
132	H_L_HeadM2	H	hippocampus	L	Tian2020_3T_S4	HIP-head-m2-lh	limbic_input
133	H_L_HeadL	H	hippocampus	L	Tian2020_3T_S4	HIP-head-l-lh	limbic_input
134	H_L_Body	H	hippocampus	L	Tian2020_3T_S4	HIP-body-lh	limbic_input
135	H_L_Tail	H	hippocampus	L	Tian2020_3T_S4	HIP-tail-lh	limbic_input
136	Th_R_VAip	Th	thalamus	R	Tian2020_3T_S4	THA-VAip-rh	thalamic
137	Th_R_VAia	Th	thalamus	R	Tian2020_3T_S4	THA-VAia-rh	thalamic
138	Th_R_VPm	Th	thalamus	R	Tian2020_3T_S4	THA-VPm-rh	thalamic
139	Th_R_VPl	Th	thalamus	R	Tian2020_3T_S4	THA-VPl-rh	thalamic
140	Th_R_VAs	Th	thalamus	R	Tian2020_3T_S4	THA-VAs-rh	thalamic
141	Th_R_DAm	Th	thalamus	R	Tian2020_3T_S4	THA-DAm-rh	thalamic
142	Th_R_DAl	Th	thalamus	R	Tian2020_3T_S4	THA-DAl-rh	thalamic
143	Th_R_DP	Th	thalamus	R	Tian2020_3T_S4	THA-DP-rh	thalamic
144	A_R_Lat	A	amygdala	R	Tian2020_3T_S4	lAMY-rh	limbic_input
145	A_R_Med	A	amygdala	R	Tian2020_3T_S4	mAMY-rh	limbic_input
146	H_R_HeadM1	H	hippocampus	R	Tian2020_3T_S4	HIP-head-m1-rh	limbic_input
147	H_R_HeadM2	H	hippocampus	R	Tian2020_3T_S4	HIP-head-m2-rh	limbic_input
148	H_R_HeadL	H	hippocampus	R	Tian2020_3T_S4	HIP-head-l-rh	limbic_input
149	H_R_Body	H	hippocampus	R	Tian2020_3T_S4	HIP-body-rh	limbic_input
150	H_R_Tail	H	hippocampus	R	Tian2020_3T_S4	HIP-tail-rh	limbic_input
151	GPe_L	GPe	pallidum_external	L	CIT168_v1.1	GPe	bg_intermediate
152	GPi_L	GPi	pallidum_internal	L	CIT168_v1.1	GPi	bg_output
153	VeP_L	VeP	ventral_pallidum	L	CIT168_v1.1	VeP	bg_intermediate
154	STN_L	STN	subthalamic_nucleus	L	CIT168_v1.1	STN	bg_intermediate
155	SNc_L	SNc	substantia_nigra_compacta	L	CIT168_v1.1	SNc	dopaminergic_input
156	SNr_L	SNr	substantia_nigra_reticulata	L	CIT168_v1.1	SNr	bg_output
157	VTA_L	VTA	ventral_tegmental_area	L	CIT168_v1.1	VTA	dopaminergic_input
158	GPe_R	GPe	pallidum_external	R	CIT168_v1.1	GPe	bg_intermediate
159	GPi_R	GPi	pallidum_internal	R	CIT168_v1.1	GPi	bg_output
160	VeP_R	VeP	ventral_pallidum	R	CIT168_v1.1	VeP	bg_intermediate
161	STN_R	STN	subthalamic_nucleus	R	CIT168_v1.1	STN	bg_intermediate
162	SNc_R	SNc	substantia_nigra_compacta	R	CIT168_v1.1	SNc	dopaminergic_input
163	SNr_R	SNr	substantia_nigra_reticulata	R	CIT168_v1.1	SNr	bg_output
164	VTA_R	VTA	ventral_tegmental_area	R	CIT168_v1.1	VTA	dopaminergic_input
